{
    "mse": 0.80641710133587,
    "r2": 0.24655678431614758
}